ts,tick_seq,hour,luminance_mean_1,T1_outflow,T2_outflow,total_outflow,T1_inflow,T2_inflow,total_inflow,stall1_occ,stall2_occ,stall3_occ,stall4_occ,stall1_diff,stall2_diff,stall3_diff,stall4_diff,window_taxi_pax,weather_code
2026-05-12T17:53:20+0900,136,17,119.41,0.0,0.0,0.0,0.0,0.0,0.0,0.0,0.0,0.0,0.0,,,,,2420.0,2
2026-05-12T17:58:11+0900,137,17,120.37,0.0,0.0,0.0,0.0,1.0,1.0,0.0,0.0,0.0,1.0,0.0,0.0,0.0,1.0,2204.0,2
2026-05-12T18:03:17+0900,138,18,120.69,0.0,1.0,1.0,0.0,0.0,0.0,0.0,0.0,0.0,0.0,0.0,0.0,0.0,-1.0,2224.0,2
2026-05-12T18:08:24+0900,139,18,116.04,0.0,0.0,0.0,0.0,0.0,0.0,0.0,0.0,0.0,0.0,0.0,0.0,0.0,0.0,2155.0,2
2026-05-12T18:14:43+0900,140,18,117.22,0.0,0.0,0.0,0.0,0.0,0.0,0.0,0.0,0.0,0.0,0.0,0.0,0.0,0.0,2050.0,2
2026-05-12T18:19:50+0900,141,18,120.61,0.0,0.0,0.0,0.0,0.0,0.0,0.0,0.0,0.0,0.0,0.0,0.0,0.0,0.0,1990.0,2
2026-05-12T18:24:57+0900,142,18,120.01,0.0,0.0,0.0,0.0,0.0,0.0,0.0,0.0,0.0,0.0,0.0,0.0,0.0,0.0,1968.0,2
2026-05-12T18:30:03+0900,143,18,117.15,0.0,0.0,0.0,0.0,1.0,1.0,0.0,0.0,1.0,0.0,0.0,0.0,1.0,0.0,1812.0,2
2026-05-12T18:35:10+0900,144,18,115.99,0.0,1.0,1.0,0.0,0.0,0.0,0.0,0.0,0.0,0.0,0.0,0.0,-1.0,0.0,1831.0,1
2026-05-12T18:40:16+0900,145,18,107.02,0.0,0.0,0.0,0.0,1.0,1.0,0.0,0.0,0.0,1.0,0.0,0.0,0.0,1.0,1644.0,1
2026-05-12T18:45:24+0900,146,18,67.13,0.0,0.0,0.0,6.0,4.0,10.0,4.0,2.0,1.0,4.0,4.0,2.0,1.0,3.0,1587.0,1
2026-05-12T18:50:31+0900,147,18,33.32,0.0,0.0,0.0,9.0,11.0,20.0,8.0,7.0,8.0,8.0,4.0,5.0,7.0,4.0,1467.0,1
2026-05-13T04:22:55+0900,259,4,41.45,0.0,1.0,1.0,0.0,0.0,0.0,8.0,7.0,8.0,7.0,0.0,0.0,0.0,-1.0,119.0,0
2026-05-13T04:28:01+0900,260,4,81.6,15.0,14.0,29.0,0.0,0.0,0.0,0.0,0.0,0.0,1.0,-8.0,-7.0,-8.0,-6.0,119.0,0
2026-05-13T04:33:07+0900,261,4,126.45,0.0,1.0,1.0,0.0,0.0,0.0,0.0,0.0,0.0,0.0,0.0,0.0,0.0,-1.0,100.0,0
2026-05-13T04:38:14+0900,262,4,128.53,0.0,0.0,0.0,0.0,0.0,0.0,0.0,0.0,0.0,0.0,0.0,0.0,0.0,0.0,130.0,0
2026-05-13T04:43:20+0900,263,4,128.33,0.0,0.0,0.0,0.0,0.0,0.0,0.0,0.0,0.0,0.0,0.0,0.0,0.0,0.0,130.0,0
2026-05-13T04:48:26+0900,264,4,128.72,0.0,0.0,0.0,0.0,0.0,0.0,0.0,0.0,0.0,0.0,0.0,0.0,0.0,0.0,145.0,0
2026-05-13T04:53:32+0900,265,4,125.57,0.0,0.0,0.0,0.0,0.0,0.0,0.0,0.0,0.0,0.0,0.0,0.0,0.0,0.0,145.0,0
2026-05-13T04:58:37+0900,266,4,126.44,0.0,0.0,0.0,0.0,0.0,0.0,0.0,0.0,0.0,0.0,0.0,0.0,0.0,0.0,162.0,0
2026-05-13T05:03:43+0900,267,5,126.55,0.0,0.0,0.0,0.0,0.0,0.0,0.0,0.0,0.0,0.0,0.0,0.0,0.0,0.0,219.0,0
2026-05-13T05:08:49+0900,268,5,122.83,0.0,0.0,0.0,0.0,0.0,0.0,0.0,0.0,0.0,0.0,0.0,0.0,0.0,0.0,195.0,0
2026-05-13T05:13:55+0900,269,5,141.47,0.0,0.0,0.0,0.0,0.0,0.0,0.0,0.0,0.0,0.0,0.0,0.0,0.0,0.0,207.0,0
2026-05-13T05:19:09+0900,270,5,155.09,0.0,0.0,0.0,0.0,0.0,0.0,0.0,0.0,0.0,0.0,0.0,0.0,0.0,0.0,193.0,0
2026-05-13T05:24:15+0900,271,5,169.99,0.0,0.0,0.0,0.0,0.0,0.0,0.0,0.0,0.0,0.0,0.0,0.0,0.0,0.0,193.0,0
2026-05-13T05:29:21+0900,272,5,182.1,0.0,0.0,0.0,0.0,0.0,0.0,0.0,0.0,0.0,0.0,0.0,0.0,0.0,0.0,180.0,0
2026-05-13T05:34:27+0900,273,5,196.59,0.0,0.0,0.0,0.0,0.0,0.0,0.0,0.0,0.0,0.0,0.0,0.0,0.0,0.0,146.0,0
2026-05-13T05:39:33+0900,274,5,201.54,0.0,0.0,0.0,0.0,0.0,0.0,0.0,0.0,0.0,0.0,0.0,0.0,0.0,0.0,146.0,0
2026-05-13T05:44:39+0900,275,5,128.6,0.0,0.0,0.0,0.0,0.0,0.0,0.0,0.0,0.0,0.0,0.0,0.0,0.0,0.0,146.0,0
2026-05-13T05:49:45+0900,276,5,122.81,0.0,0.0,0.0,0.0,0.0,0.0,0.0,0.0,0.0,0.0,0.0,0.0,0.0,0.0,127.0,0
2026-05-13T05:54:51+0900,277,5,122.9,0.0,0.0,0.0,0.0,5.0,5.0,0.0,0.0,5.0,0.0,0.0,0.0,5.0,0.0,151.0,0
2026-05-13T05:59:57+0900,278,5,124.12,0.0,5.0,5.0,0.0,0.0,0.0,0.0,0.0,0.0,0.0,0.0,0.0,-5.0,0.0,163.0,0
2026-05-13T06:05:03+0900,279,6,120.83,0.0,0.0,0.0,0.0,0.0,0.0,0.0,0.0,0.0,0.0,0.0,0.0,0.0,0.0,186.0,0
2026-05-13T06:10:09+0900,280,6,123.52,0.0,0.0,0.0,0.0,0.0,0.0,0.0,0.0,0.0,0.0,0.0,0.0,0.0,0.0,186.0,0
2026-05-13T06:15:15+0900,281,6,124.24,0.0,0.0,0.0,0.0,0.0,0.0,0.0,0.0,0.0,0.0,0.0,0.0,0.0,0.0,141.0,0
2026-05-13T06:20:21+0900,282,6,122.75,0.0,0.0,0.0,0.0,0.0,0.0,0.0,0.0,0.0,0.0,0.0,0.0,0.0,0.0,141.0,0
2026-05-13T06:25:27+0900,283,6,121.27,0.0,0.0,0.0,0.0,0.0,0.0,0.0,0.0,0.0,0.0,0.0,0.0,0.0,0.0,124.0,0
2026-05-13T06:30:33+0900,284,6,121.46,0.0,0.0,0.0,1.0,0.0,1.0,1.0,0.0,0.0,0.0,1.0,0.0,0.0,0.0,103.0,0
2026-05-13T06:35:39+0900,285,6,123.2,0.0,0.0,0.0,1.0,0.0,1.0,2.0,0.0,0.0,0.0,1.0,0.0,0.0,0.0,103.0,0
2026-05-13T06:40:46+0900,286,6,121.42,0.0,0.0,0.0,1.0,5.0,6.0,2.0,1.0,5.0,0.0,0.0,1.0,5.0,0.0,91.0,0
2026-05-13T06:45:52+0900,287,6,119.2,1.0,5.0,6.0,0.0,0.0,0.0,2.0,0.0,0.0,0.0,0.0,-1.0,-5.0,0.0,91.0,0
2026-05-13T06:50:58+0900,288,6,118.28,1.0,0.0,1.0,1.0,0.0,1.0,1.0,1.0,0.0,0.0,-1.0,1.0,0.0,0.0,84.0,0
2026-05-13T06:56:04+0900,289,6,118.36,0.0,0.0,0.0,1.0,0.0,1.0,2.0,1.0,0.0,0.0,1.0,0.0,0.0,0.0,95.0,0
2026-05-13T07:01:11+0900,290,7,119.87,0.0,0.0,0.0,1.0,0.0,1.0,2.0,2.0,0.0,0.0,0.0,1.0,0.0,0.0,95.0,0
2026-05-13T07:06:16+0900,291,7,118.6,1.0,0.0,1.0,0.0,0.0,0.0,1.0,2.0,0.0,0.0,-1.0,0.0,0.0,0.0,95.0,0
2026-05-13T07:11:22+0900,292,7,118.39,0.0,0.0,0.0,0.0,0.0,0.0,1.0,2.0,0.0,0.0,0.0,0.0,0.0,0.0,141.0,0
2026-05-13T07:16:28+0900,293,7,120.42,0.0,0.0,0.0,1.0,0.0,1.0,2.0,2.0,0.0,0.0,1.0,0.0,0.0,0.0,189.0,0
2026-05-13T07:21:35+0900,294,7,119.93,0.0,0.0,0.0,1.0,0.0,1.0,2.0,3.0,0.0,0.0,0.0,1.0,0.0,0.0,210.0,0
2026-05-13T07:26:41+0900,295,7,116.57,1.0,0.0,1.0,0.0,0.0,0.0,2.0,2.0,0.0,0.0,0.0,-1.0,0.0,0.0,224.0,0
2026-05-13T07:31:47+0900,296,7,114.74,0.0,0.0,0.0,0.0,0.0,0.0,2.0,2.0,0.0,0.0,0.0,0.0,0.0,0.0,227.0,1
2026-05-13T07:36:53+0900,297,7,115.29,0.0,0.0,0.0,0.0,0.0,0.0,2.0,2.0,0.0,0.0,0.0,0.0,0.0,0.0,283.0,1
2026-05-13T07:41:58+0900,298,7,120.53,0.0,0.0,0.0,0.0,0.0,0.0,2.0,2.0,0.0,0.0,0.0,0.0,0.0,0.0,304.0,1
2026-05-13T07:47:05+0900,299,7,117.02,0.0,0.0,0.0,0.0,0.0,0.0,2.0,2.0,0.0,0.0,0.0,0.0,0.0,0.0,375.0,1
2026-05-13T07:52:11+0900,300,7,115.23,0.0,0.0,0.0,0.0,0.0,0.0,2.0,2.0,0.0,0.0,0.0,0.0,0.0,0.0,419.0,1
2026-05-13T07:57:17+0900,301,7,114.81,0.0,0.0,0.0,0.0,0.0,0.0,2.0,2.0,0.0,0.0,0.0,0.0,0.0,0.0,463.0,1
2026-05-13T08:02:24+0900,302,8,117.58,0.0,0.0,0.0,0.0,1.0,1.0,2.0,2.0,0.0,1.0,0.0,0.0,0.0,1.0,576.0,1
2026-05-13T08:07:30+0900,303,8,112.5,0.0,0.0,0.0,0.0,8.0,8.0,2.0,2.0,8.0,1.0,0.0,0.0,8.0,0.0,646.0,1
2026-05-13T08:12:36+0900,304,8,123.91,0.0,9.0,9.0,1.0,0.0,1.0,2.0,3.0,0.0,0.0,0.0,1.0,-8.0,-1.0,683.0,1
2026-05-13T08:17:42+0900,305,8,121.57,0.0,0.0,0.0,1.0,0.0,1.0,3.0,3.0,0.0,0.0,1.0,0.0,0.0,0.0,762.0,0
2026-05-13T08:22:48+0900,306,8,115.4,1.0,0.0,1.0,2.0,8.0,10.0,2.0,5.0,8.0,0.0,-1.0,2.0,8.0,0.0,789.0,0
2026-05-13T08:27:54+0900,307,8,118.06,2.0,8.0,10.0,0.0,0.0,0.0,2.0,3.0,0.0,0.0,0.0,-2.0,-8.0,0.0,778.0,0
2026-05-13T08:33:00+0900,308,8,125.87,1.0,0.0,1.0,2.0,0.0,2.0,4.0,2.0,0.0,0.0,2.0,-1.0,0.0,0.0,793.0,0
2026-05-13T08:38:06+0900,309,8,126.96,2.0,0.0,2.0,0.0,0.0,0.0,4.0,0.0,0.0,0.0,0.0,-2.0,0.0,0.0,850.0,0
2026-05-13T08:43:12+0900,310,8,128.87,1.0,0.0,1.0,0.0,0.0,0.0,3.0,0.0,0.0,0.0,-1.0,0.0,0.0,0.0,820.0,0
2026-05-13T08:48:18+0900,311,8,127.51,0.0,0.0,0.0,0.0,0.0,0.0,3.0,0.0,0.0,0.0,0.0,0.0,0.0,0.0,881.0,0
2026-05-13T08:53:25+0900,312,8,125.03,0.0,0.0,0.0,2.0,0.0,2.0,3.0,2.0,0.0,0.0,0.0,2.0,0.0,0.0,876.0,0
2026-05-13T08:58:31+0900,313,8,129.85,0.0,0.0,0.0,1.0,0.0,1.0,4.0,2.0,0.0,0.0,1.0,0.0,0.0,0.0,891.0,0
2026-05-13T09:03:38+0900,314,9,136.28,5.0,0.0,5.0,0.0,0.0,0.0,1.0,0.0,0.0,0.0,-3.0,-2.0,0.0,0.0,895.0,0
2026-05-13T09:08:44+0900,315,9,132.35,0.0,0.0,0.0,1.0,0.0,1.0,2.0,0.0,0.0,0.0,1.0,0.0,0.0,0.0,900.0,0
2026-05-13T09:13:49+0900,316,9,127.57,0.0,0.0,0.0,0.0,0.0,0.0,2.0,0.0,0.0,0.0,0.0,0.0,0.0,0.0,916.0,0
2026-05-13T09:18:55+0900,317,9,123.79,0.0,0.0,0.0,2.0,0.0,2.0,3.0,1.0,0.0,0.0,1.0,1.0,0.0,0.0,892.0,0
2026-05-13T09:24:01+0900,318,9,122.66,1.0,0.0,1.0,0.0,0.0,0.0,3.0,0.0,0.0,0.0,0.0,-1.0,0.0,0.0,898.0,0
2026-05-13T09:29:07+0900,319,9,125.03,0.0,0.0,0.0,0.0,0.0,0.0,3.0,0.0,0.0,0.0,0.0,0.0,0.0,0.0,887.0,0
2026-05-13T09:34:13+0900,320,9,118.16,0.0,0.0,0.0,1.0,0.0,1.0,3.0,1.0,0.0,0.0,0.0,1.0,0.0,0.0,890.0,0
2026-05-13T09:39:19+0900,321,9,112.07,0.0,0.0,0.0,2.0,1.0,3.0,4.0,2.0,0.0,1.0,1.0,1.0,0.0,1.0,876.0,0
2026-05-13T09:44:25+0900,322,9,110.84,0.0,0.0,0.0,0.0,0.0,0.0,4.0,2.0,0.0,1.0,0.0,0.0,0.0,0.0,853.0,0
2026-05-13T09:49:31+0900,323,9,110.89,2.0,0.0,2.0,0.0,0.0,0.0,3.0,1.0,0.0,1.0,-1.0,-1.0,0.0,0.0,828.0,0
2026-05-13T09:54:37+0900,324,9,113.79,0.0,0.0,0.0,1.0,1.0,2.0,3.0,2.0,0.0,2.0,0.0,1.0,0.0,1.0,825.0,0
2026-05-13T09:59:42+0900,325,9,248.4,5.0,0.0,5.0,0.0,0.0,0.0,0.0,0.0,0.0,2.0,-3.0,-2.0,0.0,0.0,788.0,0
2026-05-13T10:04:48+0900,326,10,117.49,0.0,0.0,0.0,2.0,0.0,2.0,2.0,0.0,0.0,2.0,2.0,0.0,0.0,0.0,927.0,0
2026-05-13T10:09:54+0900,327,10,118.92,0.0,0.0,0.0,0.0,1.0,1.0,2.0,0.0,0.0,3.0,0.0,0.0,0.0,1.0,933.0,0
2026-05-13T10:15:00+0900,328,10,117.14,0.0,0.0,0.0,2.0,0.0,2.0,4.0,0.0,0.0,3.0,2.0,0.0,0.0,0.0,939.0,0
2026-05-13T10:20:07+0900,329,10,119.24,2.0,0.0,2.0,0.0,0.0,0.0,2.0,0.0,0.0,3.0,-2.0,0.0,0.0,0.0,832.0,0
2026-05-13T10:25:13+0900,330,10,114.7,0.0,0.0,0.0,2.0,0.0,2.0,3.0,1.0,0.0,3.0,1.0,1.0,0.0,0.0,847.0,0
2026-05-13T10:30:19+0900,331,10,115.06,1.0,0.0,1.0,0.0,0.0,0.0,2.0,1.0,0.0,3.0,-1.0,0.0,0.0,0.0,875.0,0
2026-05-13T10:35:24+0900,332,10,114.82,0.0,0.0,0.0,0.0,0.0,0.0,2.0,1.0,0.0,3.0,0.0,0.0,0.0,0.0,886.0,0
2026-05-13T10:40:30+0900,333,10,115.84,0.0,1.0,1.0,2.0,0.0,2.0,3.0,2.0,0.0,2.0,1.0,1.0,0.0,-1.0,869.0,0
2026-05-13T10:45:36+0900,334,10,117.62,2.0,0.0,2.0,2.0,0.0,2.0,5.0,0.0,0.0,2.0,2.0,-2.0,0.0,0.0,899.0,0
2026-05-13T10:50:42+0900,335,10,116.75,1.0,0.0,1.0,0.0,1.0,1.0,4.0,0.0,0.0,3.0,-1.0,0.0,0.0,1.0,928.0,0
2026-05-13T10:55:48+0900,336,10,117.63,0.0,0.0,0.0,1.0,0.0,1.0,4.0,1.0,0.0,3.0,0.0,1.0,0.0,0.0,813.0,0
2026-05-13T11:00:58+0900,337,11,122.79,2.0,0.0,2.0,0.0,0.0,0.0,2.0,1.0,0.0,3.0,-2.0,0.0,0.0,0.0,923.0,0
2026-05-13T11:06:05+0900,338,11,106.95,0.0,0.0,0.0,0.0,0.0,0.0,2.0,1.0,0.0,3.0,0.0,0.0,0.0,0.0,891.0,0
2026-05-13T11:11:10+0900,339,11,109.65,1.0,0.0,1.0,0.0,1.0,1.0,1.0,1.0,0.0,4.0,-1.0,0.0,0.0,1.0,916.0,0
2026-05-13T11:16:17+0900,340,11,110.21,0.0,4.0,4.0,2.0,0.0,2.0,3.0,1.0,0.0,0.0,2.0,0.0,0.0,-4.0,880.0,0
2026-05-13T11:21:23+0900,341,11,115.01,1.0,0.0,1.0,0.0,4.0,4.0,3.0,0.0,0.0,4.0,0.0,-1.0,0.0,4.0,955.0,0
2026-05-13T11:26:29+0900,342,11,116.04,0.0,0.0,0.0,1.0,0.0,1.0,4.0,0.0,0.0,4.0,1.0,0.0,0.0,0.0,914.0,0
2026-05-13T11:31:35+0900,343,11,114.14,0.0,0.0,0.0,0.0,0.0,0.0,4.0,0.0,0.0,4.0,0.0,0.0,0.0,0.0,1035.0,0
2026-05-13T11:36:41+0900,344,11,112.2,1.0,0.0,1.0,2.0,0.0,2.0,3.0,2.0,0.0,4.0,-1.0,2.0,0.0,0.0,1075.0,0
2026-05-13T11:41:46+0900,345,11,111.1,1.0,0.0,1.0,0.0,0.0,0.0,2.0,2.0,0.0,4.0,-1.0,0.0,0.0,0.0,1019.0,0
2026-05-13T11:46:52+0900,346,11,111.94,0.0,0.0,0.0,0.0,0.0,0.0,2.0,2.0,0.0,4.0,0.0,0.0,0.0,0.0,1067.0,0
2026-05-13T11:51:58+0900,347,11,110.26,0.0,0.0,0.0,0.0,0.0,0.0,2.0,2.0,0.0,4.0,0.0,0.0,0.0,0.0,1117.0,0
2026-05-13T11:57:04+0900,348,11,106.83,1.0,0.0,1.0,0.0,0.0,0.0,2.0,1.0,0.0,4.0,0.0,-1.0,0.0,0.0,1128.0,0
2026-05-13T12:02:10+0900,349,12,109.3,0.0,0.0,0.0,0.0,0.0,0.0,2.0,1.0,0.0,4.0,0.0,0.0,0.0,0.0,1109.0,0
2026-05-13T12:07:16+0900,350,12,110.43,1.0,0.0,1.0,1.0,2.0,3.0,3.0,0.0,2.0,4.0,1.0,-1.0,2.0,0.0,1129.0,0
2026-05-13T12:12:22+0900,351,12,121.21,1.0,2.0,3.0,0.0,0.0,0.0,2.0,0.0,0.0,4.0,-1.0,0.0,-2.0,0.0,1088.0,0
2026-05-13T12:17:29+0900,352,12,117.39,0.0,1.0,1.0,1.0,0.0,1.0,3.0,0.0,0.0,3.0,1.0,0.0,0.0,-1.0,1131.0,0
2026-05-13T12:22:34+0900,353,12,106.49,1.0,0.0,1.0,1.0,0.0,1.0,2.0,1.0,0.0,3.0,-1.0,1.0,0.0,0.0,1116.0,0
2026-05-13T12:27:40+0900,354,12,105.28,0.0,0.0,0.0,1.0,1.0,2.0,3.0,1.0,0.0,4.0,1.0,0.0,0.0,1.0,1149.0,0
2026-05-13T12:32:47+0900,355,12,107.76,0.0,0.0,0.0,0.0,1.0,1.0,3.0,1.0,0.0,5.0,0.0,0.0,0.0,1.0,1261.0,0
2026-05-13T12:37:52+0900,356,12,112.23,1.0,0.0,1.0,0.0,0.0,0.0,2.0,1.0,0.0,5.0,-1.0,0.0,0.0,0.0,1265.0,0
2026-05-13T12:42:58+0900,357,12,114.12,1.0,0.0,1.0,0.0,0.0,0.0,2.0,0.0,0.0,5.0,0.0,-1.0,0.0,0.0,1201.0,0
2026-05-13T12:48:04+0900,358,12,113.46,0.0,0.0,0.0,3.0,0.0,3.0,2.0,3.0,0.0,5.0,0.0,3.0,0.0,0.0,1190.0,0
2026-05-13T12:53:10+0900,359,12,114.65,3.0,1.0,4.0,1.0,0.0,1.0,3.0,0.0,0.0,4.0,1.0,-3.0,0.0,-1.0,1141.0,0
2026-05-13T12:58:16+0900,360,12,123.6,1.0,0.0,1.0,1.0,0.0,1.0,2.0,1.0,0.0,4.0,-1.0,1.0,0.0,0.0,1060.0,0
2026-05-13T13:03:21+0900,361,13,104.85,0.0,1.0,1.0,1.0,0.0,1.0,3.0,1.0,0.0,3.0,1.0,0.0,0.0,-1.0,1147.0,0
2026-05-13T13:08:27+0900,362,13,108.61,0.0,0.0,0.0,0.0,1.0,1.0,3.0,1.0,0.0,4.0,0.0,0.0,0.0,1.0,1174.0,0
2026-05-13T13:13:33+0900,363,13,108.1,1.0,0.0,1.0,0.0,0.0,0.0,2.0,1.0,0.0,4.0,-1.0,0.0,0.0,0.0,1141.0,0
2026-05-13T13:18:41+0900,364,13,109.68,0.0,0.0,0.0,0.0,1.0,1.0,2.0,1.0,0.0,5.0,0.0,0.0,0.0,1.0,1060.0,0
2026-05-13T13:23:46+0900,365,13,115.87,1.0,0.0,1.0,0.0,0.0,0.0,2.0,0.0,0.0,5.0,0.0,-1.0,0.0,0.0,1103.0,0
2026-05-13T13:28:52+0900,366,13,116.91,0.0,1.0,1.0,1.0,0.0,1.0,3.0,0.0,0.0,4.0,1.0,0.0,0.0,-1.0,1062.0,0
2026-05-13T13:33:58+0900,367,13,108.46,1.0,0.0,1.0,1.0,0.0,1.0,2.0,1.0,0.0,4.0,-1.0,1.0,0.0,0.0,1165.0,0
2026-05-13T13:39:04+0900,368,13,117.49,1.0,0.0,1.0,2.0,0.0,2.0,4.0,0.0,0.0,4.0,2.0,-1.0,0.0,0.0,1124.0,0
2026-05-13T13:44:10+0900,369,13,120.86,0.0,1.0,1.0,0.0,0.0,0.0,4.0,0.0,0.0,3.0,0.0,0.0,0.0,-1.0,1198.0,0
2026-05-13T13:49:16+0900,370,13,115.92,2.0,0.0,2.0,0.0,5.0,5.0,2.0,0.0,5.0,3.0,-2.0,0.0,5.0,0.0,1114.0,0
2026-05-13T13:54:22+0900,371,13,113.19,0.0,6.0,6.0,1.0,0.0,1.0,2.0,1.0,0.0,2.0,0.0,1.0,-5.0,-1.0,1281.0,0
2026-05-13T13:59:31+0900,372,13,115.28,1.0,0.0,1.0,0.0,0.0,0.0,2.0,0.0,0.0,2.0,0.0,-1.0,0.0,0.0,1166.0,0
2026-05-13T14:04:37+0900,373,14,117.64,0.0,0.0,0.0,0.0,0.0,0.0,2.0,0.0,0.0,2.0,0.0,0.0,0.0,0.0,1226.0,0
2026-05-13T14:09:42+0900,374,14,119.76,0.0,0.0,0.0,1.0,3.0,4.0,3.0,0.0,0.0,5.0,1.0,0.0,0.0,3.0,1200.0,0
2026-05-13T14:14:48+0900,375,14,109.72,1.0,1.0,2.0,0.0,0.0,0.0,2.0,0.0,0.0,4.0,-1.0,0.0,0.0,-1.0,1241.0,0
2026-05-13T14:19:54+0900,376,14,107.89,0.0,0.0,0.0,1.0,0.0,1.0,2.0,1.0,0.0,4.0,0.0,1.0,0.0,0.0,1326.0,0
2026-05-13T14:25:00+0900,377,14,109.29,1.0,0.0,1.0,1.0,0.0,1.0,3.0,0.0,0.0,4.0,1.0,-1.0,0.0,0.0,1432.0,0
2026-05-13T14:30:05+0900,378,14,111.19,0.0,0.0,0.0,0.0,0.0,0.0,3.0,0.0,0.0,4.0,0.0,0.0,0.0,0.0,1417.0,0
2026-05-13T14:35:12+0900,379,14,101.43,1.0,1.0,2.0,1.0,0.0,1.0,2.0,1.0,0.0,3.0,-1.0,1.0,0.0,-1.0,1396.0,0
2026-05-13T14:40:17+0900,380,14,101.34,0.0,0.0,0.0,0.0,0.0,0.0,2.0,1.0,0.0,3.0,0.0,0.0,0.0,0.0,1441.0,0
2026-05-13T14:45:23+0900,381,14,108.51,0.0,0.0,0.0,1.0,2.0,3.0,3.0,1.0,2.0,3.0,1.0,0.0,2.0,0.0,1453.0,0
2026-05-13T14:50:34+0900,382,14,111.83,1.0,3.0,4.0,0.0,0.0,0.0,3.0,0.0,0.0,2.0,0.0,-1.0,-2.0,-1.0,1454.0,0
2026-05-13T14:55:40+0900,383,14,112.16,1.0,0.0,1.0,0.0,0.0,0.0,2.0,0.0,0.0,2.0,-1.0,0.0,0.0,0.0,1439.0,0
2026-05-13T15:00:46+0900,384,15,111.91,0.0,0.0,0.0,0.0,0.0,0.0,2.0,0.0,0.0,2.0,0.0,0.0,0.0,0.0,1459.0,0
2026-05-13T15:05:51+0900,385,15,111.79,1.0,0.0,1.0,0.0,1.0,1.0,1.0,0.0,0.0,3.0,-1.0,0.0,0.0,1.0,1584.0,0
2026-05-13T15:10:57+0900,386,15,115.13,0.0,0.0,0.0,2.0,1.0,3.0,3.0,0.0,1.0,3.0,2.0,0.0,1.0,0.0,1544.0,0
2026-05-13T15:16:03+0900,387,15,118.1,1.0,0.0,1.0,0.0,1.0,1.0,2.0,0.0,2.0,3.0,-1.0,0.0,1.0,0.0,1561.0,0
2026-05-13T15:21:09+0900,388,15,109.04,0.0,1.0,1.0,1.0,1.0,2.0,2.0,1.0,3.0,2.0,0.0,1.0,1.0,-1.0,1529.0,0
2026-05-13T15:26:15+0900,389,15,117.18,1.0,2.0,3.0,0.0,0.0,0.0,1.0,1.0,1.0,2.0,-1.0,0.0,-2.0,0.0,1486.0,0
2026-05-13T15:31:31+0900,390,15,118.06,1.0,2.0,3.0,1.0,0.0,1.0,2.0,0.0,0.0,1.0,1.0,-1.0,-1.0,-1.0,1492.0,0
2026-05-13T15:36:36+0900,391,15,110.61,1.0,0.0,1.0,1.0,0.0,1.0,1.0,1.0,0.0,1.0,-1.0,1.0,0.0,0.0,1554.0,0
2026-05-13T15:41:42+0900,392,15,116.6,1.0,0.0,1.0,0.0,0.0,0.0,1.0,0.0,0.0,1.0,0.0,-1.0,0.0,0.0,1508.0,0
2026-05-13T15:46:48+0900,393,15,117.91,0.0,0.0,0.0,0.0,0.0,0.0,1.0,0.0,0.0,1.0,0.0,0.0,0.0,0.0,1505.0,1
2026-05-13T15:51:54+0900,394,15,106.86,0.0,0.0,0.0,2.0,0.0,2.0,2.0,1.0,0.0,1.0,1.0,1.0,0.0,0.0,1507.0,1
2026-05-13T15:56:59+0900,395,15,117.61,3.0,0.0,3.0,0.0,0.0,0.0,0.0,0.0,0.0,1.0,-2.0,-1.0,0.0,0.0,1595.0,1
2026-05-13T16:02:06+0900,396,16,117.71,0.0,0.0,0.0,1.0,0.0,1.0,1.0,0.0,0.0,1.0,1.0,0.0,0.0,0.0,1622.0,1
2026-05-13T16:07:12+0900,397,16,111.3,0.0,0.0,0.0,2.0,0.0,2.0,3.0,0.0,0.0,1.0,2.0,0.0,0.0,0.0,1634.0,1
2026-05-13T16:12:18+0900,398,16,112.66,0.0,0.0,0.0,0.0,0.0,0.0,3.0,0.0,0.0,1.0,0.0,0.0,0.0,0.0,1658.0,1
2026-05-13T16:17:23+0900,399,16,110.54,1.0,0.0,1.0,1.0,0.0,1.0,2.0,1.0,0.0,1.0,-1.0,1.0,0.0,0.0,1671.0,1
2026-05-13T16:22:29+0900,400,16,116.46,1.0,0.0,1.0,0.0,0.0,0.0,2.0,0.0,0.0,1.0,0.0,-1.0,0.0,0.0,1784.0,1
2026-05-13T16:27:35+0900,401,16,117.38,1.0,0.0,1.0,0.0,0.0,0.0,1.0,0.0,0.0,1.0,-1.0,0.0,0.0,0.0,1917.0,1
2026-05-13T16:32:42+0900,402,16,117.68,0.0,0.0,0.0,0.0,0.0,0.0,1.0,0.0,0.0,1.0,0.0,0.0,0.0,0.0,1878.0,1
2026-05-13T16:37:48+0900,403,16,115.08,1.0,1.0,2.0,0.0,0.0,0.0,0.0,0.0,0.0,0.0,-1.0,0.0,0.0,-1.0,1895.0,1
2026-05-13T16:42:54+0900,404,16,117.64,0.0,0.0,0.0,1.0,1.0,2.0,1.0,0.0,0.0,1.0,1.0,0.0,0.0,1.0,1890.0,1
2026-05-13T16:48:00+0900,405,16,120.96,0.0,0.0,0.0,1.0,0.0,1.0,2.0,0.0,0.0,1.0,1.0,0.0,0.0,0.0,2094.0,1
2026-05-13T16:53:06+0900,406,16,122.4,1.0,0.0,1.0,0.0,0.0,0.0,1.0,0.0,0.0,1.0,-1.0,0.0,0.0,0.0,2153.0,1
2026-05-13T16:58:12+0900,407,16,120.55,0.0,0.0,0.0,2.0,0.0,2.0,3.0,0.0,0.0,1.0,2.0,0.0,0.0,0.0,2042.0,1
2026-05-13T17:03:18+0900,408,17,118.66,0.0,0.0,0.0,0.0,1.0,1.0,3.0,0.0,0.0,2.0,0.0,0.0,0.0,1.0,1980.0,2
2026-05-13T17:08:24+0900,409,17,117.32,3.0,1.0,4.0,0.0,0.0,0.0,0.0,0.0,0.0,1.0,-3.0,0.0,0.0,-1.0,2080.0,2
2026-05-13T17:13:30+0900,410,17,113.68,0.0,0.0,0.0,0.0,1.0,1.0,0.0,0.0,0.0,2.0,0.0,0.0,0.0,1.0,2130.0,2
2026-05-13T17:18:37+0900,411,17,116.48,0.0,1.0,1.0,0.0,0.0,0.0,0.0,0.0,0.0,1.0,0.0,0.0,0.0,-1.0,2350.0,2
2026-05-13T17:23:44+0900,412,17,118.88,0.0,0.0,0.0,0.0,0.0,0.0,0.0,0.0,0.0,1.0,0.0,0.0,0.0,0.0,2282.0,2
2026-05-13T17:28:50+0900,413,17,122.14,0.0,0.0,0.0,0.0,0.0,0.0,0.0,0.0,0.0,1.0,0.0,0.0,0.0,0.0,2246.0,2
2026-05-13T17:33:58+0900,414,17,121.75,0.0,0.0,0.0,0.0,1.0,1.0,0.0,0.0,0.0,2.0,0.0,0.0,0.0,1.0,2229.0,2
2026-05-13T17:39:04+0900,415,17,122.15,0.0,1.0,1.0,0.0,0.0,0.0,0.0,0.0,0.0,1.0,0.0,0.0,0.0,-1.0,2340.0,2
2026-05-13T17:44:10+0900,416,17,120.93,0.0,0.0,0.0,0.0,0.0,0.0,0.0,0.0,0.0,1.0,0.0,0.0,0.0,0.0,2329.0,2
2026-05-13T17:49:16+0900,417,17,119.82,0.0,0.0,0.0,0.0,0.0,0.0,0.0,0.0,0.0,1.0,0.0,0.0,0.0,0.0,2332.0,3
2026-05-13T17:54:21+0900,418,17,114.07,0.0,0.0,0.0,0.0,0.0,0.0,0.0,0.0,0.0,1.0,0.0,0.0,0.0,0.0,2225.0,3
2026-05-13T17:59:28+0900,419,17,114.84,0.0,1.0,1.0,0.0,0.0,0.0,0.0,0.0,0.0,0.0,0.0,0.0,0.0,-1.0,2108.0,3
2026-05-13T18:04:34+0900,420,18,115.04,0.0,0.0,0.0,0.0,1.0,1.0,0.0,0.0,0.0,1.0,0.0,0.0,0.0,1.0,2071.0,3
2026-05-13T18:09:40+0900,421,18,116.81,0.0,0.0,0.0,0.0,0.0,0.0,0.0,0.0,0.0,1.0,0.0,0.0,0.0,0.0,2087.0,3
2026-05-13T18:14:46+0900,422,18,122.11,0.0,1.0,1.0,0.0,0.0,0.0,0.0,0.0,0.0,0.0,0.0,0.0,0.0,-1.0,2040.0,3
2026-05-13T18:19:52+0900,423,18,115.76,0.0,0.0,0.0,0.0,0.0,0.0,0.0,0.0,0.0,0.0,0.0,0.0,0.0,0.0,1826.0,2
2026-05-13T18:24:59+0900,424,18,118.29,0.0,0.0,0.0,0.0,0.0,0.0,0.0,0.0,0.0,0.0,0.0,0.0,0.0,0.0,1778.0,2
2026-05-13T18:30:05+0900,425,18,115.99,0.0,0.0,0.0,0.0,0.0,0.0,0.0,0.0,0.0,0.0,0.0,0.0,0.0,0.0,1705.0,2
2026-05-13T18:35:11+0900,426,18,116.31,0.0,0.0,0.0,0.0,2.0,2.0,0.0,0.0,0.0,2.0,0.0,0.0,0.0,2.0,1667.0,2
2026-05-13T18:40:17+0900,427,18,88.81,0.0,0.0,0.0,2.0,3.0,5.0,1.0,1.0,0.0,5.0,1.0,1.0,0.0,3.0,1673.0,2
2026-05-13T18:45:23+0900,428,18,52.62,0.0,0.0,0.0,12.0,11.0,23.0,7.0,7.0,8.0,8.0,6.0,6.0,8.0,3.0,1442.0,2
2026-05-13T18:50:38+0900,429,18,31.65,0.0,0.0,0.0,1.0,0.0,1.0,8.0,7.0,8.0,8.0,1.0,0.0,0.0,0.0,1326.0,2
2026-05-14T04:30:17+0900,542,4,37.69,0.0,0.0,0.0,0.0,0.0,0.0,8.0,7.0,8.0,8.0,0.0,0.0,0.0,0.0,134.0,2
2026-05-14T04:35:23+0900,543,4,72.27,15.0,11.0,26.0,0.0,0.0,0.0,0.0,0.0,0.0,5.0,-8.0,-7.0,-8.0,-3.0,134.0,1
2026-05-14T04:40:30+0900,544,4,113.02,0.0,4.0,4.0,0.0,0.0,0.0,0.0,0.0,0.0,1.0,0.0,0.0,0.0,-4.0,134.0,1
2026-05-14T04:45:37+0900,545,4,129.35,0.0,0.0,0.0,0.0,0.0,0.0,0.0,0.0,0.0,1.0,0.0,0.0,0.0,0.0,164.0,1
2026-05-14T04:50:43+0900,546,4,129.14,0.0,0.0,0.0,0.0,0.0,0.0,0.0,0.0,0.0,1.0,0.0,0.0,0.0,0.0,179.0,1
2026-05-14T04:55:49+0900,547,4,129.18,0.0,0.0,0.0,0.0,0.0,0.0,0.0,0.0,0.0,1.0,0.0,0.0,0.0,0.0,196.0,1
2026-05-14T05:00:57+0900,548,5,129.8,0.0,0.0,0.0,0.0,0.0,0.0,0.0,0.0,0.0,1.0,0.0,0.0,0.0,0.0,219.0,1
2026-05-14T05:06:03+0900,549,5,127.98,0.0,0.0,0.0,0.0,0.0,0.0,0.0,0.0,0.0,1.0,0.0,0.0,0.0,0.0,195.0,1
2026-05-14T05:11:09+0900,550,5,130.71,0.0,1.0,1.0,0.0,0.0,0.0,0.0,0.0,0.0,0.0,0.0,0.0,0.0,-1.0,207.0,1
2026-05-14T05:16:15+0900,551,5,132.83,0.0,0.0,0.0,0.0,0.0,0.0,0.0,0.0,0.0,0.0,0.0,0.0,0.0,0.0,193.0,1
2026-05-14T05:21:21+0900,552,5,131.93,0.0,0.0,0.0,0.0,0.0,0.0,0.0,0.0,0.0,0.0,0.0,0.0,0.0,0.0,193.0,1
2026-05-14T05:26:27+0900,553,5,128.98,0.0,0.0,0.0,0.0,0.0,0.0,0.0,0.0,0.0,0.0,0.0,0.0,0.0,0.0,180.0,1
2026-05-14T05:31:33+0900,554,5,130.59,0.0,0.0,0.0,0.0,0.0,0.0,0.0,0.0,0.0,0.0,0.0,0.0,0.0,0.0,146.0,1
2026-05-14T05:36:39+0900,555,5,130.55,0.0,0.0,0.0,0.0,1.0,1.0,0.0,0.0,0.0,1.0,0.0,0.0,0.0,1.0,146.0,1
2026-05-14T05:41:45+0900,556,5,129.59,0.0,0.0,0.0,0.0,0.0,0.0,0.0,0.0,0.0,1.0,0.0,0.0,0.0,0.0,146.0,1
2026-05-14T05:46:51+0900,557,5,130.53,0.0,1.0,1.0,0.0,0.0,0.0,0.0,0.0,0.0,0.0,0.0,0.0,0.0,-1.0,141.0,1
2026-05-14T05:51:57+0900,558,5,132.34,0.0,0.0,0.0,0.0,0.0,0.0,0.0,0.0,0.0,0.0,0.0,0.0,0.0,0.0,165.0,1
2026-05-14T05:57:03+0900,559,5,127.34,0.0,0.0,0.0,1.0,0.0,1.0,1.0,0.0,0.0,0.0,1.0,0.0,0.0,0.0,177.0,1
2026-05-14T06:02:10+0900,560,6,137.42,1.0,0.0,1.0,0.0,0.0,0.0,0.0,0.0,0.0,0.0,-1.0,0.0,0.0,0.0,198.0,1
2026-05-14T06:07:15+0900,561,6,128.48,0.0,0.0,0.0,0.0,0.0,0.0,0.0,0.0,0.0,0.0,0.0,0.0,0.0,0.0,183.0,1
2026-05-14T06:12:22+0900,562,6,135.51,0.0,0.0,0.0,0.0,0.0,0.0,0.0,0.0,0.0,0.0,0.0,0.0,0.0,0.0,183.0,1
2026-05-14T06:17:28+0900,563,6,135.71,0.0,0.0,0.0,0.0,1.0,1.0,0.0,0.0,1.0,0.0,0.0,0.0,1.0,0.0,160.0,1
2026-05-14T06:22:34+0900,564,6,140.35,0.0,1.0,1.0,0.0,1.0,1.0,0.0,0.0,0.0,1.0,0.0,0.0,-1.0,1.0,160.0,1
2026-05-14T06:27:40+0900,565,6,140.43,0.0,1.0,1.0,0.0,0.0,0.0,0.0,0.0,0.0,0.0,0.0,0.0,0.0,-1.0,143.0,1
2026-05-14T06:32:46+0900,566,6,150.14,0.0,0.0,0.0,0.0,0.0,0.0,0.0,0.0,0.0,0.0,0.0,0.0,0.0,0.0,122.0,1
2026-05-14T06:37:52+0900,567,6,144.87,0.0,0.0,0.0,0.0,0.0,0.0,0.0,0.0,0.0,0.0,0.0,0.0,0.0,0.0,122.0,1
2026-05-14T06:42:58+0900,568,6,144.64,0.0,0.0,0.0,0.0,0.0,0.0,0.0,0.0,0.0,0.0,0.0,0.0,0.0,0.0,110.0,1
2026-05-14T06:48:04+0900,569,6,144.6,0.0,0.0,0.0,0.0,0.0,0.0,0.0,0.0,0.0,0.0,0.0,0.0,0.0,0.0,110.0,1
2026-05-14T06:53:10+0900,570,6,148.49,0.0,0.0,0.0,0.0,0.0,0.0,0.0,0.0,0.0,0.0,0.0,0.0,0.0,0.0,103.0,1
2026-05-14T06:58:16+0900,571,6,154.34,0.0,0.0,0.0,0.0,0.0,0.0,0.0,0.0,0.0,0.0,0.0,0.0,0.0,0.0,114.0,1
2026-05-14T07:03:23+0900,572,7,159.24,0.0,0.0,0.0,0.0,0.0,0.0,0.0,0.0,0.0,0.0,0.0,0.0,0.0,0.0,114.0,1
2026-05-14T07:08:28+0900,573,7,167.28,0.0,0.0,0.0,0.0,0.0,0.0,0.0,0.0,0.0,0.0,0.0,0.0,0.0,0.0,114.0,1
2026-05-14T07:13:34+0900,574,7,175.26,0.0,0.0,0.0,0.0,0.0,0.0,0.0,0.0,0.0,0.0,0.0,0.0,0.0,0.0,175.0,1
2026-05-14T07:18:42+0900,575,7,179.06,0.0,0.0,0.0,0.0,0.0,0.0,0.0,0.0,0.0,0.0,0.0,0.0,0.0,0.0,244.0,1
2026-05-14T07:23:48+0900,576,7,182.52,0.0,0.0,0.0,0.0,0.0,0.0,0.0,0.0,0.0,0.0,0.0,0.0,0.0,0.0,245.0,1
2026-05-14T07:28:55+0900,577,7,190.97,0.0,0.0,0.0,0.0,0.0,0.0,0.0,0.0,0.0,0.0,0.0,0.0,0.0,0.0,246.0,1
2026-05-14T07:34:01+0900,578,7,194.66,0.0,0.0,0.0,0.0,0.0,0.0,0.0,0.0,0.0,0.0,0.0,0.0,0.0,0.0,261.0,1
2026-05-14T07:39:07+0900,579,7,198.2,0.0,0.0,0.0,0.0,0.0,0.0,0.0,0.0,0.0,0.0,0.0,0.0,0.0,0.0,290.0,1
2026-05-14T07:44:13+0900,580,7,194.79,0.0,0.0,0.0,0.0,0.0,0.0,0.0,0.0,0.0,0.0,0.0,0.0,0.0,0.0,326.0,1
2026-05-14T07:49:19+0900,581,7,196.97,0.0,0.0,0.0,0.0,0.0,0.0,0.0,0.0,0.0,0.0,0.0,0.0,0.0,0.0,373.0,1
2026-05-14T07:54:26+0900,582,7,203.04,0.0,0.0,0.0,0.0,0.0,0.0,0.0,0.0,0.0,0.0,0.0,0.0,0.0,0.0,397.0,1
2026-05-14T07:59:32+0900,583,7,125.2,0.0,0.0,0.0,1.0,0.0,1.0,0.0,1.0,0.0,0.0,0.0,1.0,0.0,0.0,422.0,1
2026-05-14T08:04:38+0900,584,8,122.79,0.0,0.0,0.0,0.0,1.0,1.0,0.0,1.0,0.0,1.0,0.0,0.0,0.0,1.0,592.0,1
2026-05-14T08:09:44+0900,585,8,120.9,0.0,0.0,0.0,1.0,0.0,1.0,1.0,1.0,0.0,1.0,1.0,0.0,0.0,0.0,675.0,1
2026-05-14T08:14:50+0900,586,8,121.69,0.0,0.0,0.0,0.0,0.0,0.0,1.0,1.0,0.0,1.0,0.0,0.0,0.0,0.0,696.0,1
2026-05-14T08:19:57+0900,587,8,122.41,0.0,0.0,0.0,0.0,0.0,0.0,1.0,1.0,0.0,1.0,0.0,0.0,0.0,0.0,797.0,1
2026-05-14T08:25:03+0900,588,8,123.03,0.0,0.0,0.0,1.0,0.0,1.0,2.0,1.0,0.0,1.0,1.0,0.0,0.0,0.0,790.0,1
2026-05-14T08:30:09+0900,589,8,120.84,1.0,0.0,1.0,0.0,0.0,0.0,1.0,1.0,0.0,1.0,-1.0,0.0,0.0,0.0,790.0,1
2026-05-14T08:35:15+0900,590,8,124.07,0.0,0.0,0.0,0.0,0.0,0.0,1.0,1.0,0.0,1.0,0.0,0.0,0.0,0.0,796.0,1
2026-05-14T08:40:21+0900,591,8,122.19,1.0,0.0,1.0,1.0,0.0,1.0,2.0,0.0,0.0,1.0,1.0,-1.0,0.0,0.0,817.0,1
2026-05-14T08:45:29+0900,592,8,123.95,0.0,0.0,0.0,0.0,0.0,0.0,2.0,0.0,0.0,1.0,0.0,0.0,0.0,0.0,854.0,1
2026-05-14T08:50:35+0900,593,8,124.39,0.0,0.0,0.0,1.0,0.0,1.0,2.0,1.0,0.0,1.0,0.0,1.0,0.0,0.0,838.0,1
2026-05-14T08:55:40+0900,594,8,125.9,2.0,0.0,2.0,0.0,0.0,0.0,1.0,0.0,0.0,1.0,-1.0,-1.0,0.0,0.0,820.0,1
2026-05-14T09:00:46+0900,595,9,122.72,1.0,0.0,1.0,0.0,0.0,0.0,0.0,0.0,0.0,1.0,-1.0,0.0,0.0,0.0,824.0,1
2026-05-14T09:06:01+0900,596,9,122.49,0.0,0.0,0.0,0.0,0.0,0.0,0.0,0.0,0.0,1.0,0.0,0.0,0.0,0.0,887.0,1
2026-05-14T09:11:07+0900,597,9,123.35,0.0,1.0,1.0,0.0,0.0,0.0,0.0,0.0,0.0,0.0,0.0,0.0,0.0,-1.0,875.0,1
2026-05-14T09:16:13+0900,598,9,123.31,0.0,0.0,0.0,1.0,1.0,2.0,1.0,0.0,0.0,1.0,1.0,0.0,0.0,1.0,864.0,1
2026-05-14T09:21:19+0900,599,9,123.99,0.0,0.0,0.0,2.0,5.0,7.0,2.0,1.0,5.0,1.0,1.0,1.0,5.0,0.0,861.0,1
2026-05-14T09:26:26+0900,600,9,123.5,0.0,6.0,6.0,0.0,0.0,0.0,2.0,1.0,0.0,0.0,0.0,0.0,-5.0,-1.0,874.0,1
2026-05-14T09:31:32+0900,601,9,123.72,1.0,0.0,1.0,0.0,1.0,1.0,1.0,1.0,0.0,1.0,-1.0,0.0,0.0,1.0,842.0,1
2026-05-14T09:36:38+0900,602,9,117.06,0.0,0.0,0.0,2.0,0.0,2.0,2.0,2.0,0.0,1.0,1.0,1.0,0.0,0.0,881.0,1
2026-05-14T09:41:44+0900,603,9,128.14,2.0,0.0,2.0,0.0,0.0,0.0,2.0,0.0,0.0,1.0,0.0,-2.0,0.0,0.0,831.0,1
2026-05-14T09:46:51+0900,604,9,122.27,0.0,0.0,0.0,0.0,0.0,0.0,2.0,0.0,0.0,1.0,0.0,0.0,0.0,0.0,819.0,1
2026-05-14T09:51:56+0900,605,9,120.66,1.0,0.0,1.0,0.0,0.0,0.0,1.0,0.0,0.0,1.0,-1.0,0.0,0.0,0.0,827.0,1
2026-05-14T09:57:02+0900,606,9,120.11,0.0,0.0,0.0,1.0,0.0,1.0,1.0,1.0,0.0,1.0,0.0,1.0,0.0,0.0,798.0,1
2026-05-14T10:02:09+0900,607,10,124.11,0.0,0.0,0.0,0.0,1.0,1.0,1.0,1.0,0.0,2.0,0.0,0.0,0.0,1.0,924.0,1
2026-05-14T10:07:15+0900,608,10,117.64,0.0,0.0,0.0,0.0,0.0,0.0,1.0,1.0,0.0,2.0,0.0,0.0,0.0,0.0,900.0,1
2026-05-14T10:12:20+0900,609,10,120.61,1.0,1.0,2.0,0.0,0.0,0.0,0.0,1.0,0.0,1.0,-1.0,0.0,0.0,-1.0,883.0,1
2026-05-14T10:17:44+0900,610,10,121.59,1.0,0.0,1.0,0.0,0.0,0.0,0.0,0.0,0.0,1.0,0.0,-1.0,0.0,0.0,928.0,1
2026-05-14T10:22:50+0900,611,10,123.25,0.0,0.0,0.0,3.0,1.0,4.0,3.0,0.0,0.0,2.0,3.0,0.0,0.0,1.0,837.0,1
2026-05-14T10:27:56+0900,612,10,124.07,1.0,0.0,1.0,0.0,1.0,1.0,2.0,0.0,0.0,3.0,-1.0,0.0,0.0,1.0,846.0,1
2026-05-14T10:33:02+0900,613,10,210.05,2.0,2.0,4.0,0.0,0.0,0.0,0.0,0.0,0.0,1.0,-2.0,0.0,0.0,-2.0,834.0,1
2026-05-14T10:38:08+0900,614,10,123.18,0.0,0.0,0.0,2.0,0.0,2.0,1.0,1.0,0.0,1.0,1.0,1.0,0.0,0.0,842.0,1
2026-05-14T10:43:14+0900,615,10,121.97,1.0,0.0,1.0,0.0,1.0,1.0,1.0,0.0,0.0,2.0,0.0,-1.0,0.0,1.0,870.0,1
2026-05-14T10:48:20+0900,616,10,127.73,0.0,0.0,0.0,1.0,0.0,1.0,2.0,0.0,0.0,2.0,1.0,0.0,0.0,0.0,885.0,1
2026-05-14T10:53:26+0900,617,10,117.13,0.0,0.0,0.0,1.0,0.0,1.0,3.0,0.0,0.0,2.0,1.0,0.0,0.0,0.0,911.0,1
2026-05-14T10:58:32+0900,618,10,117.55,0.0,0.0,0.0,0.0,1.0,1.0,3.0,0.0,0.0,3.0,0.0,0.0,0.0,1.0,805.0,1
2026-05-14T11:03:38+0900,619,11,116.71,0.0,0.0,0.0,0.0,0.0,0.0,3.0,0.0,0.0,3.0,0.0,0.0,0.0,0.0,907.0,1
2026-05-14T11:08:44+0900,620,11,121.31,1.0,0.0,1.0,0.0,0.0,0.0,2.0,0.0,0.0,3.0,-1.0,0.0,0.0,0.0,865.0,1
2026-05-14T11:13:50+0900,621,11,113.16,0.0,0.0,0.0,4.0,0.0,4.0,4.0,2.0,0.0,3.0,2.0,2.0,0.0,0.0,866.0,1
2026-05-14T11:18:57+0900,622,11,115.98,3.0,0.0,3.0,0.0,0.0,0.0,2.0,1.0,0.0,3.0,-2.0,-1.0,0.0,0.0,845.0,1
2026-05-14T11:24:03+0900,623,11,114.61,0.0,0.0,0.0,0.0,0.0,0.0,2.0,1.0,0.0,3.0,0.0,0.0,0.0,0.0,904.0,1
2026-05-14T11:29:09+0900,624,11,114.59,0.0,0.0,0.0,1.0,1.0,2.0,3.0,1.0,0.0,4.0,1.0,0.0,0.0,1.0,928.0,1
2026-05-14T11:34:15+0900,625,11,114.3,1.0,0.0,1.0,1.0,0.0,1.0,4.0,0.0,0.0,4.0,1.0,-1.0,0.0,0.0,947.0,1
2026-05-14T11:39:21+0900,626,11,117.81,0.0,0.0,0.0,0.0,0.0,0.0,4.0,0.0,0.0,4.0,0.0,0.0,0.0,0.0,1054.0,1
2026-05-14T11:44:27+0900,627,11,120.61,2.0,0.0,2.0,1.0,2.0,3.0,2.0,1.0,2.0,4.0,-2.0,1.0,2.0,0.0,1060.0,1
2026-05-14T11:49:33+0900,628,11,119.28,0.0,3.0,3.0,1.0,0.0,1.0,3.0,1.0,0.0,3.0,1.0,0.0,-2.0,-1.0,1142.0,1
2026-05-14T11:54:39+0900,629,11,110.07,1.0,0.0,1.0,0.0,0.0,0.0,3.0,0.0,0.0,3.0,0.0,-1.0,0.0,0.0,1121.0,1
2026-05-14T11:59:46+0900,630,11,111.37,2.0,0.0,2.0,1.0,0.0,1.0,1.0,1.0,0.0,3.0,-2.0,1.0,0.0,0.0,1093.0,1
2026-05-14T12:04:53+0900,631,12,115.78,1.0,0.0,1.0,1.0,0.0,1.0,2.0,0.0,0.0,3.0,1.0,-1.0,0.0,0.0,1126.0,1
2026-05-14T12:09:59+0900,632,12,118.58,0.0,0.0,0.0,1.0,1.0,2.0,3.0,0.0,0.0,4.0,1.0,0.0,0.0,1.0,1063.0,1
2026-05-14T12:15:05+0900,633,12,121.63,0.0,1.0,1.0,0.0,0.0,0.0,3.0,0.0,0.0,3.0,0.0,0.0,0.0,-1.0,1077.0,1
2026-05-14T12:20:12+0900,634,12,118.87,0.0,0.0,0.0,0.0,1.0,1.0,3.0,0.0,0.0,4.0,0.0,0.0,0.0,1.0,1120.0,1
2026-05-14T12:25:18+0900,635,12,108.22,1.0,0.0,1.0,1.0,0.0,1.0,2.0,1.0,0.0,4.0,-1.0,1.0,0.0,0.0,1130.0,1
2026-05-14T12:30:24+0900,636,12,111.64,0.0,0.0,0.0,0.0,0.0,0.0,2.0,1.0,0.0,4.0,0.0,0.0,0.0,0.0,1159.0,1
2026-05-14T12:35:30+0900,637,12,118.12,1.0,0.0,1.0,1.0,0.0,1.0,3.0,0.0,0.0,4.0,1.0,-1.0,0.0,0.0,1108.0,0
2026-05-14T12:40:36+0900,638,12,122.79,0.0,0.0,0.0,1.0,1.0,2.0,4.0,0.0,1.0,4.0,1.0,0.0,1.0,0.0,1061.0,0
2026-05-14T12:45:43+0900,639,12,110.29,0.0,1.0,1.0,1.0,0.0,1.0,4.0,1.0,0.0,4.0,0.0,1.0,-1.0,0.0,1114.0,0
2026-05-14T12:50:49+0900,640,12,113.72,1.0,1.0,2.0,0.0,0.0,0.0,3.0,1.0,0.0,3.0,-1.0,0.0,0.0,-1.0,1091.0,0
2026-05-14T12:55:54+0900,641,12,115.08,1.0,0.0,1.0,0.0,0.0,0.0,3.0,0.0,0.0,3.0,0.0,-1.0,0.0,0.0,1010.0,0
2026-05-14T13:01:01+0900,642,13,115.39,1.0,0.0,1.0,0.0,1.0,1.0,2.0,0.0,0.0,4.0,-1.0,0.0,0.0,1.0,1078.0,0
2026-05-14T13:06:07+0900,643,13,116.27,1.0,0.0,1.0,0.0,0.0,0.0,1.0,0.0,0.0,4.0,-1.0,0.0,0.0,0.0,1105.0,0
2026-05-14T13:11:13+0900,644,13,120.59,0.0,0.0,0.0,2.0,0.0,2.0,3.0,0.0,0.0,4.0,2.0,0.0,0.0,0.0,1067.0,0
2026-05-14T13:16:20+0900,645,13,118.1,0.0,0.0,0.0,0.0,0.0,0.0,3.0,0.0,0.0,4.0,0.0,0.0,0.0,0.0,1004.0,0
2026-05-14T13:21:27+0900,646,13,109.9,1.0,0.0,1.0,0.0,0.0,0.0,2.0,0.0,0.0,4.0,-1.0,0.0,0.0,0.0,1028.0,0
2026-05-14T13:26:33+0900,647,13,115.68,0.0,0.0,0.0,0.0,0.0,0.0,2.0,0.0,0.0,4.0,0.0,0.0,0.0,0.0,1051.0,0
2026-05-14T13:31:40+0900,648,13,115.51,0.0,4.0,4.0,0.0,0.0,0.0,2.0,0.0,0.0,0.0,0.0,0.0,0.0,-4.0,1056.0,0
2026-05-14T13:36:47+0900,649,13,118.42,0.0,0.0,0.0,1.0,4.0,5.0,3.0,0.0,0.0,4.0,1.0,0.0,0.0,4.0,957.0,0
2026-05-14T13:41:53+0900,650,13,117.36,1.0,0.0,1.0,1.0,0.0,1.0,2.0,1.0,0.0,4.0,-1.0,1.0,0.0,0.0,1096.0,0
2026-05-14T13:47:00+0900,651,13,138.95,2.0,0.0,2.0,0.0,0.0,0.0,0.0,1.0,0.0,4.0,-2.0,0.0,0.0,0.0,1085.0,0
2026-05-14T13:52:06+0900,652,13,119.66,0.0,0.0,0.0,2.0,0.0,2.0,2.0,1.0,0.0,4.0,2.0,0.0,0.0,0.0,1095.0,0
2026-05-14T13:57:13+0900,653,13,120.37,1.0,0.0,1.0,0.0,0.0,0.0,2.0,0.0,0.0,4.0,0.0,-1.0,0.0,0.0,1068.0,0
2026-05-14T14:02:19+0900,654,14,120.53,0.0,0.0,0.0,0.0,0.0,0.0,2.0,0.0,0.0,4.0,0.0,0.0,0.0,0.0,1183.0,0
2026-05-14T14:07:28+0900,655,14,120.55,1.0,1.0,2.0,0.0,1.0,1.0,1.0,0.0,1.0,3.0,-1.0,0.0,1.0,-1.0,1152.0,0
2026-05-14T14:12:34+0900,656,14,120.48,0.0,1.0,1.0,0.0,0.0,0.0,1.0,0.0,0.0,3.0,0.0,0.0,-1.0,0.0,1171.0,0
2026-05-14T14:17:41+0900,657,14,108.17,0.0,0.0,0.0,1.0,0.0,1.0,1.0,1.0,0.0,3.0,0.0,1.0,0.0,0.0,1264.0,0
2026-05-14T14:22:47+0900,658,14,107.68,0.0,0.0,0.0,0.0,0.0,0.0,1.0,1.0,0.0,3.0,0.0,0.0,0.0,0.0,1307.0,0
2026-05-14T14:27:54+0900,659,14,108.17,0.0,0.0,0.0,0.0,0.0,0.0,1.0,1.0,0.0,3.0,0.0,0.0,0.0,0.0,1349.0,0
2026-05-14T14:33:01+0900,660,14,110.46,1.0,1.0,2.0,1.0,0.0,1.0,2.0,0.0,0.0,2.0,1.0,-1.0,0.0,-1.0,1374.0,0
2026-05-14T14:38:08+0900,661,14,116.96,0.0,0.0,0.0,1.0,0.0,1.0,3.0,0.0,0.0,2.0,1.0,0.0,0.0,0.0,1429.0,0
2026-05-14T14:43:16+0900,662,14,112.48,2.0,0.0,2.0,1.0,1.0,2.0,1.0,1.0,0.0,3.0,-2.0,1.0,0.0,1.0,1467.0,0
2026-05-14T14:48:23+0900,663,14,113.14,1.0,1.0,2.0,1.0,0.0,1.0,2.0,0.0,0.0,2.0,1.0,-1.0,0.0,-1.0,1446.0,0
2026-05-14T14:53:29+0900,664,14,112.16,0.0,0.0,0.0,1.0,1.0,2.0,3.0,0.0,0.0,3.0,1.0,0.0,0.0,1.0,1439.0,0
2026-05-14T14:58:36+0900,665,14,115.44,1.0,1.0,2.0,0.0,0.0,0.0,2.0,0.0,0.0,2.0,-1.0,0.0,0.0,-1.0,1539.0,0
2026-05-14T15:03:43+0900,666,15,121.45,1.0,0.0,1.0,0.0,0.0,0.0,1.0,0.0,0.0,2.0,-1.0,0.0,0.0,0.0,1513.0,1
2026-05-14T15:08:50+0900,667,15,119.41,0.0,1.0,1.0,0.0,0.0,0.0,1.0,0.0,0.0,1.0,0.0,0.0,0.0,-1.0,1575.0,1
2026-05-14T15:13:57+0900,668,15,126.24,0.0,0.0,0.0,1.0,0.0,1.0,2.0,0.0,0.0,1.0,1.0,0.0,0.0,0.0,1496.0,1
2026-05-14T15:19:05+0900,669,15,112.26,1.0,0.0,1.0,0.0,1.0,1.0,1.0,0.0,0.0,2.0,-1.0,0.0,0.0,1.0,1600.0,1
2026-05-14T15:24:12+0900,670,15,113.56,0.0,0.0,0.0,1.0,0.0,1.0,2.0,0.0,0.0,2.0,1.0,0.0,0.0,0.0,1561.0,1
2026-05-14T15:29:18+0900,671,15,111.78,0.0,1.0,1.0,1.0,0.0,1.0,2.0,1.0,0.0,1.0,0.0,1.0,0.0,-1.0,1596.0,1
2026-05-14T15:34:25+0900,672,15,115.69,1.0,0.0,1.0,0.0,0.0,0.0,2.0,0.0,0.0,1.0,0.0,-1.0,0.0,0.0,1676.0,1
2026-05-14T15:39:31+0900,673,15,118.83,0.0,0.0,0.0,1.0,0.0,1.0,3.0,0.0,0.0,1.0,1.0,0.0,0.0,0.0,1676.0,1
2026-05-14T15:44:37+0900,674,15,110.34,2.0,0.0,2.0,1.0,0.0,1.0,1.0,1.0,0.0,1.0,-2.0,1.0,0.0,0.0,1543.0,1
2026-05-14T15:49:44+0900,675,15,117.75,1.0,0.0,1.0,2.0,0.0,2.0,3.0,0.0,0.0,1.0,2.0,-1.0,0.0,0.0,1571.0,0
2026-05-14T15:54:51+0900,676,15,110.61,2.0,0.0,2.0,1.0,0.0,1.0,1.0,1.0,0.0,1.0,-2.0,1.0,0.0,0.0,1546.0,0
2026-05-14T15:59:57+0900,677,15,115.79,2.0,1.0,3.0,0.0,0.0,0.0,0.0,0.0,0.0,0.0,-1.0,-1.0,0.0,-1.0,1583.0,0
2026-05-14T16:05:04+0900,678,16,118.07,0.0,0.0,0.0,1.0,0.0,1.0,0.0,1.0,0.0,0.0,0.0,1.0,0.0,0.0,1631.0,0
2026-05-14T16:10:10+0900,679,16,159.24,1.0,0.0,1.0,0.0,1.0,1.0,0.0,0.0,0.0,1.0,0.0,-1.0,0.0,1.0,1704.0,0
2026-05-14T16:15:17+0900,680,16,158.72,0.0,0.0,0.0,0.0,0.0,0.0,0.0,0.0,0.0,1.0,0.0,0.0,0.0,0.0,1781.0,0
2026-05-14T16:20:24+0900,681,16,156.12,0.0,0.0,0.0,0.0,0.0,0.0,0.0,0.0,0.0,1.0,0.0,0.0,0.0,0.0,1783.0,0
2026-05-14T16:25:30+0900,682,16,155.93,0.0,0.0,0.0,0.0,0.0,0.0,0.0,0.0,0.0,1.0,0.0,0.0,0.0,0.0,1872.0,0
2026-05-14T16:30:38+0900,683,16,143.12,0.0,0.0,0.0,0.0,0.0,0.0,0.0,0.0,0.0,1.0,0.0,0.0,0.0,0.0,1938.0,0
2026-05-14T16:35:45+0900,684,16,141.66,0.0,0.0,0.0,0.0,0.0,0.0,0.0,0.0,0.0,1.0,0.0,0.0,0.0,0.0,2082.0,0
2026-05-14T16:40:59+0900,685,16,136.08,0.0,0.0,0.0,0.0,0.0,0.0,0.0,0.0,0.0,1.0,0.0,0.0,0.0,0.0,2105.0,0
2026-05-14T16:46:06+0900,686,16,136.09,0.0,0.0,0.0,0.0,1.0,1.0,0.0,0.0,0.0,2.0,0.0,0.0,0.0,1.0,2140.0,1
2026-05-14T16:51:14+0900,687,16,146.67,0.0,2.0,2.0,0.0,0.0,0.0,0.0,0.0,0.0,0.0,0.0,0.0,0.0,-2.0,2259.0,1
2026-05-14T16:56:20+0900,688,16,154.34,0.0,0.0,0.0,0.0,0.0,0.0,0.0,0.0,0.0,0.0,0.0,0.0,0.0,0.0,2272.0,1
2026-05-14T17:01:27+0900,689,17,160.7,0.0,0.0,0.0,0.0,0.0,0.0,0.0,0.0,0.0,0.0,0.0,0.0,0.0,0.0,2338.0,1
2026-05-14T17:06:34+0900,690,17,162.58,0.0,0.0,0.0,0.0,0.0,0.0,0.0,0.0,0.0,0.0,0.0,0.0,0.0,0.0,2319.0,1
2026-05-14T17:11:41+0900,691,17,162.55,0.0,0.0,0.0,0.0,0.0,0.0,0.0,0.0,0.0,0.0,0.0,0.0,0.0,0.0,2346.0,1
2026-05-14T17:16:47+0900,692,17,152.56,0.0,0.0,0.0,0.0,0.0,0.0,0.0,0.0,0.0,0.0,0.0,0.0,0.0,0.0,2382.0,1
2026-05-14T17:21:54+0900,693,17,140.33,0.0,0.0,0.0,0.0,0.0,0.0,0.0,0.0,0.0,0.0,0.0,0.0,0.0,0.0,2534.0,1
2026-05-14T17:27:01+0900,694,17,116.51,0.0,0.0,0.0,3.0,2.0,5.0,2.0,1.0,0.0,2.0,2.0,1.0,0.0,2.0,2375.0,1
2026-05-14T17:32:08+0900,695,17,127.28,1.0,0.0,1.0,0.0,0.0,0.0,2.0,0.0,0.0,2.0,0.0,-1.0,0.0,0.0,2316.0,1
2026-05-14T17:37:16+0900,696,17,151.19,2.0,0.0,2.0,0.0,0.0,0.0,0.0,0.0,0.0,2.0,-2.0,0.0,0.0,0.0,2376.0,1
2026-05-14T17:42:22+0900,697,17,149.6,0.0,0.0,0.0,0.0,0.0,0.0,0.0,0.0,0.0,2.0,0.0,0.0,0.0,0.0,2299.0,1
2026-05-14T17:47:29+0900,698,17,130.4,0.0,0.0,0.0,0.0,0.0,0.0,0.0,0.0,0.0,2.0,0.0,0.0,0.0,0.0,2448.0,1
2026-05-14T17:52:35+0900,699,17,125.62,0.0,0.0,0.0,0.0,0.0,0.0,0.0,0.0,0.0,2.0,0.0,0.0,0.0,0.0,2353.0,1
2026-05-14T17:57:41+0900,700,17,116.72,0.0,0.0,0.0,1.0,0.0,1.0,1.0,0.0,0.0,2.0,1.0,0.0,0.0,0.0,2210.0,1
2026-05-14T18:02:50+0900,701,18,120.73,0.0,0.0,0.0,0.0,0.0,0.0,1.0,0.0,0.0,2.0,0.0,0.0,0.0,0.0,2266.0,1
2026-05-14T18:07:57+0900,702,18,117.69,1.0,1.0,2.0,1.0,0.0,1.0,0.0,1.0,0.0,1.0,-1.0,1.0,0.0,-1.0,2215.0,1
2026-05-14T18:13:03+0900,703,18,119.13,1.0,0.0,1.0,0.0,0.0,0.0,0.0,0.0,0.0,1.0,0.0,-1.0,0.0,0.0,2106.0,1
2026-05-14T18:18:10+0900,704,18,119.13,0.0,1.0,1.0,1.0,1.0,2.0,0.0,1.0,1.0,0.0,0.0,1.0,1.0,-1.0,2010.0,1
2026-05-14T18:23:18+0900,705,18,119.68,1.0,1.0,2.0,0.0,0.0,0.0,0.0,0.0,0.0,0.0,0.0,-1.0,-1.0,0.0,1932.0,1
2026-05-14T18:28:25+0900,706,18,117.99,0.0,0.0,0.0,0.0,0.0,0.0,0.0,0.0,0.0,0.0,0.0,0.0,0.0,0.0,1935.0,1
2026-05-14T18:33:32+0900,707,18,117.97,0.0,0.0,0.0,0.0,0.0,0.0,0.0,0.0,0.0,0.0,0.0,0.0,0.0,0.0,1817.0,1
2026-05-14T18:38:39+0900,708,18,122.11,0.0,0.0,0.0,0.0,0.0,0.0,0.0,0.0,0.0,0.0,0.0,0.0,0.0,0.0,1897.0,1
2026-05-14T18:43:46+0900,709,18,104.4,0.0,0.0,0.0,0.0,2.0,2.0,0.0,0.0,0.0,2.0,0.0,0.0,0.0,2.0,1735.0,1
2026-05-14T18:48:52+0900,710,18,50.93,0.0,0.0,0.0,15.0,13.0,28.0,8.0,7.0,8.0,7.0,8.0,7.0,8.0,5.0,1637.0,1
2026-05-15T04:22:49+0900,824,4,44.85,2.0,1.0,3.0,0.0,0.0,0.0,6.0,7.0,8.0,7.0,-2.0,0.0,0.0,-1.0,119.0,2
2026-05-15T04:27:55+0900,825,4,89.98,12.0,13.0,25.0,0.0,0.0,0.0,1.0,0.0,0.0,2.0,-5.0,-7.0,-8.0,-5.0,134.0,2
2026-05-15T04:33:02+0900,826,4,126.72,1.0,2.0,3.0,0.0,0.0,0.0,0.0,0.0,0.0,0.0,-1.0,0.0,0.0,-2.0,134.0,2
2026-05-15T04:38:08+0900,827,4,129.82,0.0,0.0,0.0,0.0,0.0,0.0,0.0,0.0,0.0,0.0,0.0,0.0,0.0,0.0,149.0,2
2026-05-15T04:43:16+0900,828,4,129.51,0.0,0.0,0.0,0.0,0.0,0.0,0.0,0.0,0.0,0.0,0.0,0.0,0.0,0.0,149.0,2
2026-05-15T04:48:22+0900,829,4,127.56,0.0,0.0,0.0,0.0,0.0,0.0,0.0,0.0,0.0,0.0,0.0,0.0,0.0,0.0,160.0,2
2026-05-15T04:53:29+0900,830,4,128.22,0.0,0.0,0.0,0.0,0.0,0.0,0.0,0.0,0.0,0.0,0.0,0.0,0.0,0.0,145.0,2
2026-05-15T04:58:36+0900,831,4,130.86,0.0,0.0,0.0,0.0,0.0,0.0,0.0,0.0,0.0,0.0,0.0,0.0,0.0,0.0,162.0,2
2026-05-15T05:03:43+0900,832,5,127.26,0.0,0.0,0.0,0.0,0.0,0.0,0.0,0.0,0.0,0.0,0.0,0.0,0.0,0.0,202.0,2
2026-05-15T05:08:50+0900,833,5,124.92,0.0,0.0,0.0,0.0,0.0,0.0,0.0,0.0,0.0,0.0,0.0,0.0,0.0,0.0,178.0,2
2026-05-15T05:13:56+0900,834,5,126.64,0.0,0.0,0.0,0.0,0.0,0.0,0.0,0.0,0.0,0.0,0.0,0.0,0.0,0.0,190.0,2
2026-05-15T05:19:04+0900,835,5,140.98,0.0,0.0,0.0,0.0,0.0,0.0,0.0,0.0,0.0,0.0,0.0,0.0,0.0,0.0,193.0,2
2026-05-15T05:24:11+0900,836,5,148.85,0.0,0.0,0.0,0.0,0.0,0.0,0.0,0.0,0.0,0.0,0.0,0.0,0.0,0.0,193.0,2
2026-05-15T05:29:17+0900,837,5,144.6,0.0,0.0,0.0,0.0,0.0,0.0,0.0,0.0,0.0,0.0,0.0,0.0,0.0,0.0,180.0,2
2026-05-15T05:34:25+0900,838,5,149.06,0.0,0.0,0.0,0.0,0.0,0.0,0.0,0.0,0.0,0.0,0.0,0.0,0.0,0.0,146.0,1
2026-05-15T05:39:32+0900,839,5,153.82,0.0,0.0,0.0,0.0,0.0,0.0,0.0,0.0,0.0,0.0,0.0,0.0,0.0,0.0,146.0,1
2026-05-15T05:44:39+0900,840,5,160.51,0.0,0.0,0.0,0.0,0.0,0.0,0.0,0.0,0.0,0.0,0.0,0.0,0.0,0.0,143.0,1
2026-05-15T05:49:47+0900,841,5,152.06,0.0,0.0,0.0,0.0,0.0,0.0,0.0,0.0,0.0,0.0,0.0,0.0,0.0,0.0,141.0,1
2026-05-15T05:54:53+0900,842,5,152.69,0.0,0.0,0.0,0.0,1.0,1.0,0.0,0.0,0.0,1.0,0.0,0.0,0.0,1.0,151.0,1
2026-05-15T06:00:00+0900,843,6,141.45,0.0,1.0,1.0,0.0,3.0,3.0,0.0,0.0,3.0,0.0,0.0,0.0,3.0,-1.0,210.0,1
2026-05-15T06:05:08+0900,844,6,151.06,0.0,3.0,3.0,0.0,0.0,0.0,0.0,0.0,0.0,0.0,0.0,0.0,-3.0,0.0,195.0,1
2026-05-15T06:10:16+0900,845,6,171.11,0.0,0.0,0.0,0.0,0.0,0.0,0.0,0.0,0.0,0.0,0.0,0.0,0.0,0.0,195.0,1
2026-05-15T06:15:23+0900,846,6,177.57,0.0,0.0,0.0,0.0,0.0,0.0,0.0,0.0,0.0,0.0,0.0,0.0,0.0,0.0,150.0,1
2026-05-15T06:20:32+0900,847,6,176.05,0.0,0.0,0.0,0.0,0.0,0.0,0.0,0.0,0.0,0.0,0.0,0.0,0.0,0.0,150.0,1
2026-05-15T06:25:48+0900,848,6,192.13,0.0,0.0,0.0,0.0,0.0,0.0,0.0,0.0,0.0,0.0,0.0,0.0,0.0,0.0,133.0,1
2026-05-15T06:30:55+0900,849,6,194.76,0.0,0.0,0.0,0.0,0.0,0.0,0.0,0.0,0.0,0.0,0.0,0.0,0.0,0.0,112.0,1
2026-05-15T06:36:02+0900,850,6,192.96,0.0,0.0,0.0,0.0,0.0,0.0,0.0,0.0,0.0,0.0,0.0,0.0,0.0,0.0,112.0,1
2026-05-15T06:41:09+0900,851,6,190.94,0.0,0.0,0.0,0.0,0.0,0.0,0.0,0.0,0.0,0.0,0.0,0.0,0.0,0.0,100.0,1
2026-05-15T06:46:17+0900,852,6,199.25,0.0,0.0,0.0,0.0,0.0,0.0,0.0,0.0,0.0,0.0,0.0,0.0,0.0,0.0,100.0,1
2026-05-15T06:51:24+0900,853,6,205.01,0.0,0.0,0.0,0.0,0.0,0.0,0.0,0.0,0.0,0.0,0.0,0.0,0.0,0.0,93.0,1
2026-05-15T06:56:31+0900,854,6,214.18,0.0,0.0,0.0,0.0,0.0,0.0,0.0,0.0,0.0,0.0,0.0,0.0,0.0,0.0,104.0,1
2026-05-15T07:01:38+0900,855,7,129.82,0.0,0.0,0.0,0.0,0.0,0.0,0.0,0.0,0.0,0.0,0.0,0.0,0.0,0.0,104.0,1
2026-05-15T07:06:45+0900,856,7,126.67,0.0,0.0,0.0,0.0,0.0,0.0,0.0,0.0,0.0,0.0,0.0,0.0,0.0,0.0,104.0,1
2026-05-15T07:11:52+0900,857,7,129.2,0.0,0.0,0.0,1.0,1.0,2.0,0.0,1.0,0.0,1.0,0.0,1.0,0.0,1.0,142.0,1
2026-05-15T07:17:00+0900,858,7,130.37,1.0,0.0,1.0,0.0,0.0,0.0,0.0,0.0,0.0,1.0,0.0,-1.0,0.0,0.0,167.0,1
2026-05-15T07:22:07+0900,859,7,128.56,0.0,0.0,0.0,2.0,0.0,2.0,1.0,1.0,0.0,1.0,1.0,1.0,0.0,0.0,199.0,1
2026-05-15T07:27:14+0900,860,7,127.28,2.0,0.0,2.0,0.0,0.0,0.0,0.0,0.0,0.0,1.0,-1.0,-1.0,0.0,0.0,211.0,1
2026-05-15T07:32:22+0900,861,7,127.77,0.0,0.0,0.0,1.0,0.0,1.0,0.0,1.0,0.0,1.0,0.0,1.0,0.0,0.0,201.0,1
2026-05-15T07:37:29+0900,862,7,127.27,1.0,0.0,1.0,0.0,0.0,0.0,0.0,0.0,0.0,1.0,0.0,-1.0,0.0,0.0,209.0,1
